Designator,Mid X,Mid Y,Rotation,Layer
BZ1,248.5,-136.0,0.0,top
C1,180.5,-173.0449,270.0,top
C2,152.0,-138.7203,270.0,top
C3,152.0,-153.1305,90.0,top
C4,152.0,-145.7203,270.0,top
C5,160.5,-204.1954,270.0,top
C6,160.5,-195.3778,90.0,top
C7,245.5,-199.8356,90.0,top
C8,245.5,-191.7203,270.0,top
H1,164.5,-153.6754,0.0,top
H2,164.5,-183.6754,0.0,top
H3,280.5,-153.6754,0.0,top
H4,280.5,-183.6754,0.0,top
J10,261.27,-130.52,0.0,top
J11,251.495,-209.5,0.0,top
J12,259.27,-209.4454,0.0,top
J13,292.495,-163.02,0.0,top
J14,290.769999,-179.5,0.0,top
J15,277.98,-205.2154,270.0,top
J16,280.23,-131.98,180.0,top
J17,229.495,-209.98,0.0,top
J18,222.73,-209.98,180.0,top
J19,235.23,-131.0,180.0,top
J2,153.5,-179.23,90.0,top
J20,227.73,-130.98,180.0,top
J21,153.5,-166.46,90.0,top
J22,290.0,-205.2554,0.0,top
J23,290.54,-132.0,0.0,top
J24,256.0,-156.1754,270.0,top
J25,256.0,-181.6754,270.0,top
J4,186.77,-210.025,180.0,top
J5,268.505,-209.48,180.0,top
J6,271.77,-193.6754,0.0,top
J7,285.005,-169.98,180.0,top
J8,243.495,-209.52,0.0,top
J9,185.995,-130.02,0.0,top
Q1,187.54,-185.5354,0.0,top
Q10,218.96,-148.5854,180.0,top
Q11,209.46,-149.8154,180.0,top
Q12,209.5,-133.2154,0.0,top
Q13,162.55,-139.7154,270.0,top
Q14,173.5,-157.1754,90.0,top
Q15,197.0,-149.8154,180.0,top
Q16,197.0,-133.2154,0.0,top
Q17,187.46,-148.5854,180.0,top
Q18,177.55,-139.9454,270.0,top
Q19,168.0,-204.5854,180.0,top
Q2,197.08,-185.8954,0.0,top
Q20,167.5,-195.5854,180.0,top
Q21,174.41,-205.9454,90.0,top
Q22,174.27,-199.2154,90.0,top
Q23,260.0,-143.4454,270.0,top
Q24,256.96,-200.8154,180.0,top
Q25,257.0,-191.0354,0.0,top
Q3,197.5,-201.4454,180.0,top
Q4,187.55,-166.4454,270.0,top
Q5,210.04,-185.8954,0.0,top
Q6,210.5,-201.4954,180.0,top
Q7,201.5,-166.4454,270.0,top
Q8,220.23,-185.4454,180.0,top
Q9,215.5,-166.4454,270.0,top
R1,250.0,-164.1754,180.0,top
R10,250.0,-160.1754,180.0,top
R11,250.0,-167.1754,180.0,top
R12,208.309999,-143.0,0.0,top
R13,218.96,-139.7554,270.0,top
R14,209.46,-138.9954,0.0,top
R15,157.0,-138.9454,90.0,top
R16,173.62,-130.1754,270.0,top
R17,171.5,-146.9454,270.0,top
R18,169.0,-130.1754,270.0,top
R19,197.0,-138.9954,0.0,top
R2,197.04,-191.6754,180.0,top
R20,171.5,-139.6754,270.0,top
R21,197.0,-143.4954,0.0,top
R22,187.46,-139.4454,90.0,top
R23,178.5,-130.1754,270.0,top
R24,250.0,-170.6754,180.0,top
R25,250.0,-177.6754,0.0,top
R26,153.27,-206.5854,0.0,top
R27,153.27,-202.5854,0.0,top
R28,153.27,-198.5854,0.0,top
R29,276.0,-146.1754,90.0,top
R3,187.54,-195.1754,270.0,top
R30,153.27,-194.5854,0.0,top
R31,179.55,-205.9454,0.0,top
R32,272.0,-146.1754,90.0,top
R33,179.41,-199.4854,0.0,top
R34,263.0,-136.9454,270.0,top
R35,268.5,-146.1754,90.0,top
R36,264.5,-146.1754,90.0,top
R37,237.0,-206.4454,180.0,top
R38,237.0,-202.9454,180.0,top
R39,237.0,-199.4454,180.0,top
R4,197.04,-196.4454,180.0,top
R40,237.0,-195.9454,180.0,top
R41,237.0,-192.4454,180.0,top
R42,237.0,-188.9454,180.0,top
R5,180.5,-164.9454,90.0,top
R6,210.04,-196.4454,180.0,top
R7,210.04,-191.4454,180.0,top
R8,220.04,-194.6754,270.0,top
R9,250.0,-174.1754,180.0,top
U1,229.5,-165.9454,180.0,top
U10,290.0,-190.1754,270.0,top
U2,229.5,-160.4454,180.0,top
U3,229.5,-154.9454,180.0,top
U4,243.0,-147.6254,0.0,top
U5,229.5,-171.4454,180.0,top
U6,289.5,-152.1754,270.0,top
U7,229.5,-176.9454,180.0,top
U8,229.5,-182.4454,180.0,top
U9,270.0,-136.9454,0.0,top
