"Id";"Identificador";"Huella";"Cantidad";"Identificación";"Suministrador y ref";
1;"BZ1";"Buzzer_12x9.5RM7.6";1;"Buzzer";;;
2;"C1, C7, C8";"CP_Radial_D5.0mm_P2.50mm";3;"100uF";;;
3;"C2, C3, C4";"CP_Radial_D5.0mm_P2.50mm";3;"1uF";;;
4;"C5, C6";"CP_Radial_D6.3mm_P2.50mm";2;"220uF";;;
5;"J2";"PinHeader_1x02_P1.00mm_Vertical";1;"AUDIO";;;
6;"J5";"PinHeader_1x02_P1.00mm_Vertical";1;"MOTOR IZ2";;;
7;"J6";"PinHeader_1x02_P1.00mm_Vertical";1;"Bocina";;;
8;"J7";"PinHeader_1x02_P1.00mm_Vertical";1;"BATERIA 12V";;;
9;"J8";"PinHeader_1x02_P1.00mm_Vertical";1;"LED1";;;
10;"J9";"PinHeader_1x02_P1.00mm_Vertical";1;"MOTOR DE1";;;
11;"J10";"PinHeader_1x02_P1.00mm_Vertical";1;"MOTOR DE2";;;
12;"J11";"PinHeader_1x02_P1.00mm_Vertical";1;"LED2";;;
13;"J12";"PinHeader_1x02_P1.00mm_Vertical";1;"LED3";;;
14;"J13";"PinHeader_1x02_P1.00mm_Vertical";1;"foto";;;
15;"J14";"PinHeader_1x02_P1.00mm_Vertical";1;"IR";;;
16;"J15";"PinHeader_1x02_P1.00mm_Vertical";1;"LUZIZ";;;
17;"J16";"PinHeader_1x02_P1.00mm_Vertical";1;"LUZDE";;;
18;"J17";"PinHeader_1x02_P1.00mm_Vertical";1;"LBLUE2";;;
19;"J18";"PinHeader_1x02_P1.00mm_Vertical";1;"LRED2";;;
20;"J19";"PinHeader_1x02_P1.00mm_Vertical";1;"LRED1";;;
21;"J20";"PinHeader_1x02_P1.00mm_Vertical";1;"LBLUE1";;;
22;"J21, J22, J23";"PinHeader_1x03_P2.54mm_Vertical";3;"Conn_01x03_Pin";;;
23;"J24, J25";"PinSocket_1x15_P2.54mm_Vertical";2;"Conn_01x15";;;
24;"Q1, Q8, Q10, Q17, Q19, Q20, Q21, Q22, Q23, Q24, Q25";"TO-92_Inline";11;"2N3904";;;
25;"Q2, Q5, Q11, Q15";"TO-220-3_Vertical";4;"IRF9540N";;;
26;"Q3, Q4, Q6, Q7, Q9, Q12, Q14, Q16";"TO-220-3_Vertical";8;"IRF3205";;;
27;"Q13, Q18";"TO-220-3_Vertical";2;"IRF3710";;;
28;"R1, R9, R10, R11, R16, R18, R23, R24, R25, R31, R33";"R_1206_3216Metric_Pad1.30x1.75mm_HandSolder";11;"220";;;
29;"R2, R4, R6, R7, R12, R14, R19, R21";"R_Axial_DIN0207_L6.3mm_D2.5mm_P7.62mm_Horizontal";8;"10K";;;
30;"R3, R8, R13, R22";"R_Axial_DIN0207_L6.3mm_D2.5mm_P7.62mm_Horizontal";4;"1K";;;
31;"R5";"R_1206_3216Metric_Pad1.30x1.75mm_HandSolder";1;"20K";;;
32;"R15, R17, R20";"R_1206_3216Metric_Pad1.30x1.75mm_HandSolder";3;"1M";;;
33;"R26, R29, R30, R36, R37, R38, R41, R42";"R_1206_3216Metric_Pad1.30x1.75mm_HandSolder";8;"330";;;
34;"R27, R28, R39";"R_1206_3216Metric_Pad1.30x1.75mm_HandSolder";3;"100k";;;
35;"R32";"R_1206_3216Metric_Pad1.30x1.75mm_HandSolder";1;"50K";;;
36;"R34, R35";"R_1206_3216Metric_Pad1.30x1.75mm_HandSolder";2;"1K";;;
37;"R40";"R_1206_3216Metric_Pad1.30x1.75mm_HandSolder";1;"100K";;;
38;"U1, U2, U3, U5, U7, U8";"SO-4_4.4x3.6mm_P2.54mm";6;"PC817";;;
39;"U4, U6, U10";"TO-220-3_Vertical";3;"L7805";;;
40;"U9";"SOIC-8_3.9x4.9mm_P1.27mm";1;"LM358";;;
