Designator,Footprint,Quantity,Value,LCSC Part #
BZ1,Buzzer_12x9.5RM7.6,1,Buzzer,
"C1, C7, C8",CP_Radial_D5.0mm_P2.50mm,3,100uF,
"C2, C3, C4",CP_Radial_D5.0mm_P2.50mm,3,1uF,
"C5, C6",CP_Radial_D6.3mm_P2.50mm,2,220uF,
J10,Molex_KK-254_AE-6410-02A_1x02_P2.54mm_Vertical,1,MOTOR DE2,
J11,Molex_KK-254_AE-6410-02A_1x02_P2.54mm_Vertical,1,LED2,
J12,Molex_KK-254_AE-6410-02A_1x02_P2.54mm_Vertical,1,LED3,
J13,Molex_KK-254_AE-6410-02A_1x02_P2.54mm_Vertical,1,foto,
J14,Molex_KK-254_AE-6410-02A_1x02_P2.54mm_Vertical,1,IR,
J15,Molex_KK-254_AE-6410-02A_1x02_P2.54mm_Vertical,1,LUZIZ,
J16,Molex_KK-254_AE-6410-02A_1x02_P2.54mm_Vertical,1,LUZDE,
J17,Molex_KK-254_AE-6410-02A_1x02_P2.54mm_Vertical,1,LBLUE2,
J18,Molex_KK-254_AE-6410-02A_1x02_P2.54mm_Vertical,1,LRED2,
J19,Molex_KK-254_AE-6410-02A_1x02_P2.54mm_Vertical,1,LRED1,
J2,Molex_KK-254_AE-6410-02A_1x02_P2.54mm_Vertical,1,AUDIO,
J20,Molex_KK-254_AE-6410-02A_1x02_P2.54mm_Vertical,1,LBLUE1,
J21,Molex_KK-254_AE-6410-03A_1x03_P2.54mm_Vertical,1,servo 1,
J22,Molex_KK-254_AE-6410-03A_1x03_P2.54mm_Vertical,1,servo 2,
J23,Molex_KK-254_AE-6410-03A_1x03_P2.54mm_Vertical,1,servo 3,
"J24, J25",PinSocket_1x15_P2.54mm_Vertical,2,Conn_01x15,
J4,Molex_KK-254_AE-6410-02A_1x02_P2.54mm_Vertical,1,MOTOR IZ1,
J5,Molex_KK-254_AE-6410-02A_1x02_P2.54mm_Vertical,1,MOTOR IZ2,
J6,Molex_KK-254_AE-6410-02A_1x02_P2.54mm_Vertical,1,Bocina,
J7,Molex_KK-254_AE-6410-02A_1x02_P2.54mm_Vertical,1,BATERIA 12V,
J8,Molex_KK-254_AE-6410-02A_1x02_P2.54mm_Vertical,1,LED1,
J9,Molex_KK-254_AE-6410-02A_1x02_P2.54mm_Vertical,1,MOTOR DE1,
"Q1, Q10, Q17, Q19, Q20, Q21, Q22, Q23, Q24, Q25, Q8",TO-92_Inline,11,2N3904,
"Q11, Q15, Q2, Q5",TO-220-3_Vertical,4,IRF9540N,
"Q12, Q14, Q16, Q3, Q4, Q6, Q7, Q9",TO-220-3_Vertical,8,IRF3205,
"Q13, Q18",TO-220-3_Vertical,2,IRF3710,
"R1, R10, R11, R16, R18, R23, R24, R25, R31, R33, R9",1206,11,220,
"R12, R14, R19, R2, R21, R4, R6, R7",R_Axial_DIN0207_L6.3mm_D2.5mm_P7.62mm_Horizontal,8,10K,
"R13, R22, R3, R8",R_Axial_DIN0207_L6.3mm_D2.5mm_P7.62mm_Horizontal,4,1K,
"R15, R17, R20",1206,3,1M,
"R26, R29, R30, R36, R37, R38, R41, R42",1206,8,330,
"R27, R28, R39, R40",1206,4,100k,
R32,1206,1,50K,
"R34, R35",1206,2,1K,
R5,1206,1,20K,
"U1, U2, U3, U5, U7, U8",SO-4_4.4x3.6mm_P2.54mm,6,PC817,
"U10, U4, U6",TO-220-3_Vertical,3,L7805,
U9,SOIC-8_3.9x4.9mm_P1.27mm,1,LM358,
